Rat_ID,Litter,From Kathryn or not  (Kathryn may not have culled on P1),Cage (pair-housed_ if uneven last three together),Generation,Line,"Treatment_group (EC=Enriched Cage Control, EE=Environmental Enrichment, NIL=Standard Housing, SD=Social Defeat)",Enrichment,Social_Defeat,distance_open_field ,time_centre_open_field,time_open_arms_EPM,time_social_avoidance_Ethovision,time_social_interaction_EthoVision,time_other_areas_in_SI_Test_EthoVision,time_on_top_of_stimulus_animal_Ethovision,time_on_top_of_stimulus_animal_Video,time_approaching_stimulus_animal_Video,time_other_behav_in_SI_Test_Video,cranky_USVs,happy_USVs,SD Dates,D1 Aggressor ID,SD d1 score,SD d1 time caged (min),D2 Aggressor ID,SD d2 score,SD d2 time caged (min),D3 Aggressor ID,SD d3 score,SD d3 time caged (min),D4 Aggressor ID,SD d4 score,SD d4 time caged (min),SUB_DefeatDay1,AGG_DefeatDay1,OTHER_DefeatDay1,SUB_DefeatDay2,AGG_DefeatDay2,OTHER_DefeatDay2,SUB_DefeatDay3,AGG_DefeatDay3,OTHER_DefeatDay3,SUB_DefeatDay4,AGG_DefeatDay4,OTHER_DefeatDay4,date_of_sac,CORT,testosterone,Oxytocin (pg/ml),IL-6 (pg/ml),date_of_dissection,hemisphere_dissected,date_of_RNA_extraction,RNA_conc,ratio_260_280,brain_region,Sequencing_core_sample_ID
H01-2 A1,H01-2,N,H01-2A,F49,bHR,HR EE,EE,NIL,6192.445596,11.90565777,35.25276229,13.18607788,60.14056218,26.67335994,1.840696959,,,,,,,,,,,,,,,,,,,,,,,,,,,,,,,9-Jan-16,,,,,,,,,,,
H01-2 A2,H01-2,N,H01-2A,F49,bHR,HR EE,EE,NIL,7404.505896,11.06997818,33.98058277,8.436558038,62.80549041,28.75795156,1.773761952,,,,,,,,,,,,,,,,,,,,,,,,,,,,,,,9-Jan-16,,,,,,,,,,,
H01-2 B1,H01-2,N,H01-2B,F49,bHR,HR EE,EE,NIL,7609.405134,8.575520021,47.5058582,14.26180131,51.28891937,34.44927933,1.841312525,,,,,,,,,,,,,,,,,,,,,,,,,,,,,,,9-Jan-16,,,,,,,,,,,
H01-2 B2,H01-2,N,H01-2B,F49,bHR,HR EE,EE,NIL,5281.272275,0.868356767,41.81452943,7.967860815,58.68764584,33.34449335,2.041498634,,,,,,,,,,,,,,,,,,,,,,,,,,,,,,,9-Jan-16,,,,,,,,,,,
H01-2 C1,H01-2,N,H01-2B,F49,bHR,HR EE,EE,NIL,5704.066804,5.608455727,37.81793785,15.52878304,46.9544853,37.51673166,2.075661471,,,,,,,,,,,,,,,,,,,,,,,,,,,,,,,9-Jan-16,,,,,,,,,,,
H02-1 C2,H02-1,N,H02-1A,F49,bHR,HR EE,EE,NIL,5944.970665,5.416064985,36.82624649,7.766989908,54.26849691,37.96451318,1.740294115,,,,,,,,,,,,,,,,,,,,,,,,,,,,,,,9-Jan-16,,,,,,,,,,,
H02-2 A1,H02-2,N,H02-2A,F49,bHR,HR NIL + SD,NIL,SD,5059.774146,5.083528066,2.643908675,13.32440619,55.5406771,31.13491671,1.941098799,,,,,,2/1-5/1 2016,19,4,0.50,11,4,5.50,6,4,1.08,15,2,15.00,9.375,21.875,68.75,1.709401709,2.564102564,95.72649573,18.34862385,19.26605505,62.3853211,,,,9-Jan-16,,,,,,,,,,,
H02-2 A2,H02-2,N,H02-2A,F49,bHR,HR NIL + SD,NIL,SD,5548.170978,5.58845713,20.95748261,14.16136619,50.38500129,35.45363252,2.276532044,,,,,,2/1-5/1 2016,18,2,15.00,10,2,15.00,5,4,1.00,14,4,12.50,0.459770115,0.689655172,98.85057471,0.257069409,7.455012853,92.28791774,8.333333333,10.18518519,81.48148148,,,,9-Jan-16,,,,,,,,,,,
H02-2 B1,H02-2,N,H02-2B,F49,bHR,HR NIL + SD,NIL,SD,5506.088189,4.928280646,17.30833626,13.82195308,46.92101813,39.25702879,2.644794147,,,,,,2/1-5/1 2016,15,4,3.70,8,4,3.35,19,4,0.45,11,4,5.88,7.120743034,24.14860681,68.73065015,2.762430939,28.72928177,68.50828729,12.5,20.83333333,66.66666667,,,,9-Jan-16,,,,,,,,,,,
H02-2 B2,H02-2,N,H02-2B,F49,bHR,HR NIL + SD,NIL,SD,5861.100698,6.056186082,23.80314666,10.97724173,52.4096395,36.61311877,2.042182763,,,,,,2/1-5/1 2016,14,4,1.88,7,4,4.83,18,4,4.15,19,4,3.33,20.98765432,6.172839506,72.83950617,8.467741935,2.822580645,88.70967742,16.18037135,0.530503979,83.28912467,,,,9-Jan-16,,,,,,,,,,,
H03A1,H03,N,H03A,F56,bHR,HR EE,EE,NIL,5152.23918,4.63767195,19.59865818,8.383495487,64.52606548,27.09043903,26.87849711,32.31,28.62,39.06,15.48412387,21.87377499,,,,,,,,,,,,,,,,,,,,,,,,,,25-Oct-17,196300,544.2,,41.36,16/1/2019,right,,,,,
H03A2,H03,N,H03A,F56,bHR,HR EE,EE,NIL,6459.5234,4.916403844,40.60207962,6.644381047,68.0378064,25.31781255,21.23574602,24.16,38.58,37.27,9.016393443,23.38797814,,,,,,,,,,,,,,,,,,,,,,,,,,25-Oct-17,55940,538.2,,30.04,16/1/2019,left,,,,,
H03A3,H03,N,H03A,F56,bHR,HR EE,EE,NIL,7369.44648,1.583056017,9.910801781,4.983294147,75.86397188,19.15273397,37.41375332,42.96,30.24,26.8,3.964365256,59.51002227,,,,,,,,,,,,,,,,,,,,,,,,,,25-Oct-17,129700,727.15,,32.7,16/1/2019,left,,,,,
H03B1,H03,N,H03B,F56,bHR,HR EE + SD,EE,SD,3999.82308,2.240801747,1.850613886,12.57524323,42.18503865,45.23971812,6.577490744,6.34,34.94,58.72,2.284263959,38.3248731,18 - 21 Oct 2017,1,4,0.67,11,4,1.50,9,5,2.00,2A,4,10.00,11.46,5.38,83.16,41.97,6.19,51.84,0,17.66,82.34,16.97,0.79,82.24,25-Oct-17,214900,510.95,75.96,31.61,16/1/2019,right,,,,,
H03B2,H03,N,H03B,F56,bHR,HR EE + SD,EE,SD,7269.70684,4.83834286,9.676685719,5.607581347,65.00566895,29.3867497,11.96209327,19.45,40.18,40.38,2.761721259,32.75529865,18 - 21 Oct 2017,4,5,0.25,19,4,0.33,8,5,0.50,18,4,2.17,0,13.84,86.16,16.62,9.43,73.95,0,18,82,56.1,9.28,34.62,25-Oct-17,249300,135.5,71.89,95.9,16/1/2019,left,,,,,
H03B3,H03,N,H03B,F56,bHR,HR EE + SD,EE,SD,6630.77382,0.90300906,15.02787653,7.759208286,69.50939307,22.73139864,18.90748068,24.88,39.47,35.65,3.549141966,51.67706708,18 - 21 Oct 2017,6,4,2.83,20,4,0.33,7,5,0.33,14,4,0.75,2.56,2.05,95.39,0,10.23,89.77,0,25.98,74.02,40.01,0,59.99,25-Oct-17,209700,980.95,35.49,59.84,16/1/2019,right,,,,,
H05 A1,H05,N,H05A,F49,bHR,HR EC,EC,NIL,6140.976014,9.208487042,23.26749269,26.77376179,21.72021495,51.50602326,2.243053336,,,,,,,,,,,,,,,,,,,,,,,,,,,,,,,9-Jan-16,,,,,,,,,,,
H05 A2,H05,N,H05A,F49,bHR,HR EC,EC,NIL,5476.722229,9.186179126,14.12788714,6.89655154,64.78071743,28.32273103,1.104787314,,,,,,,,,,,,,,,,,,,,,,,,,,,,,,,9-Jan-16,,,,,,,,,,,
H05 B1,H05,N,H05B,F49,bHR,HR EC,EC,NIL,5195.171416,3.143814152,11.34917984,8.871777891,62.20288002,28.92534208,1.908269606,,,,,,,,,,,,,,,,,,,,,,,,,,,,,,,9-Jan-16,,,,,,,,,,,
H05 B2,H05,N,H05B,F49,bHR,HR EC,EC,NIL,6880.297238,10.16511898,31.43622307,10.84700257,57.61633723,31.5366602,2.644795151,,,,,,,,,,,,,,,,,,,,,,,,,,,,,,,9-Jan-16,,,,,,,,,,,
H05 C1,H05,N,H05C,F49,bHR,HR EC,EC,NIL,10958.47637,7.96201026,29.86273987,11.81787706,60.62939482,27.55272812,1.84069629,,,,,,,,,,,,,,,,,,,,,,,,,,,,,,,9-Jan-16,,,,,,,,,,,
H05 C2,H05,N,H05C,F49,bHR,HR EC,EC,NIL,7447.714499,15.4379562,18.24573138,21.9618348,40.04017432,37.99799088,1.539491771,,,,,,,,,,,,,,,,,,,,,,,,,,,,,,,9-Jan-16,,,,,,,,,,,
H05 C3,H05,N,H05C,F49,bHR,HR EC,EC,NIL,21602.68388,15.03114095,6.62650544,7.29829302,63.50853724,29.19316974,1.104787983,,,,,,,,,,,,,,,,,,,,,,,,,,,,,,,9-Jan-16,,,,,,,,,,,
H06 A1,H06,N,H06D,F49,bHR,HR EE + SD,EE,SD,5455.313777,5.819389492,48.17542766,5.523936572,62.16940098,32.30666245,6.561767809,,,,,,3/1 - 6/1 2016,19,4,1.00,8,4,3.67,15,2,15.00,6,4,1.50,3.191489362,24.46808511,72.34042553,20.55555556,0.555555556,78.88888889,,,,52.11267606,1.408450704,46.47887324,10-Jan-16,,,,,,,,,,,
H06 A2,H06,N,H06D,F49,bHR,HR EE + SD,EE,SD,5178.513532,1.237457232,37.89755509,5.557415279,78.07164357,16.37094115,3.781794421,,,,,,3/1 - 6/1 2016,18,4,1.00,7,4,5.58,14,4,5.17,5,4,5.00,31.81818182,2.272727273,65.90909091,2.928870293,4.184100418,92.88702929,,,,3.01369863,2.739726027,94.24657534,10-Jan-16,,,,,,,,,,,
H06 B1,H06,N,H06E,F49,bHR,HR EE + SD,EE,SD,4756.529822,5.652163734,45.56411089,6.561767809,68.22899353,25.20923866,7.764390516,,,,,,3/1 - 6/1 2016,15,4,7.95,6,4,0.87,11,2,15.00,19,4,4.67,3.671706263,2.375809935,93.9524838,10.60606061,25.75757576,63.63636364,,,,0.314465409,1.257861635,98.42767296,10-Jan-16,,,,,,,,,,,
H06 B2,H06,N,H06E,F49,bHR,HR EE + SD,EE,SD,5109.031607,21.26983903,43.25410114,7.666555123,66.22028847,26.11315641,10.34136653,,,,,,3/1 - 6/1 2016,14,4,1.33,5,2,15.00,18,4,11.83,18,4,15.00,13.08411215,4.672897196,82.24299065,0.41322314,6.714876033,92.87190083,,,,3.869047619,0.148809524,95.98214286,10-Jan-16,,,,,,,,,,,
H06 C1,H06,N,H06F,F49,bHR,HR EE + SD,EE,SD,4720.047529,24.13161951,32.64144685,6.124497908,80.82329389,13.0522082,13.31994622,,,,,,3/1 - 6/1 2016,6,4,2.50,19,4,0.33,8,4,5.97,15,2,15.00,3.535353535,12.12121212,84.34343434,11.9047619,19.04761905,69.04761905,,,,4.394141145,1.864181092,93.74167776,10-Jan-16,,,,,,,,,,,
H06 C2,H06,N,H06F,F49,bHR,HR EE + SD,EE,SD,5436.631535,12.2904832,33.44492746,8.068295935,63.47505887,28.4566452,7.766990243,,,,,,3/1 - 6/1 2016,5,4,1.33,18,4,11.33,7,2,15.00,14,2,15.00,9.836065574,7.37704918,82.78688525,1.648351648,0,98.35164835,,,,6.802721088,0,93.19727891,10-Jan-16,,,,,,,,,,,
H06A1,H06,N,H06A,F56,bHR,HR NIL + SD,NIL,SD,4888.76982,27.614257,11.9063402,14.24750081,59.67685295,26.07564624,1.70568601,0,52.49,47.51,18.42323651,26.8879668,19 - 22 Oct 2017,1,4,0.67,9,4,0.50,11,4,0.50,2A,4,0.50,7.07,9.11,83.82,23.96,5.66,70.38,,,,63.5,11.53,24.98,26-Oct-17,102700,195.9,55,77.03,17/1/2019,right,,,,,
H06A2,H06,N,H06A,F56,bHR,HR NIL + SD,NIL,SD,4115.96834,39.64320712,3.790405924,10.46823212,40.65759857,48.87416931,2.452619926,0,32.49,67.51,12.33283804,40.51510649,19 - 22 Oct 2017,4,4,0.83,8,4,0.50,19,4,0.50,18,4,0.67,5.19,5.86,88.96,26.62,3.67,69.71,6.58,35.9,57.52,33.22,2.05,64.72,26-Oct-17,53000,165.4,22.52,82.3,17/1/2019,left,,,,,
H06B1,H06,N,H06B,F56,bHR,HR NIL + SD,NIL,SD,4382.38768,18.84059037,20.03344515,8.260885561,57.60325354,34.13586089,0.613156654,0,49.66,50.34,13.42554923,37.14401953,19 - 22 Oct 2017,6,4,1.83,7,4,0.50,20,4,0.58,14,4,3.00,0,2.67,97.33,33.14,0,66.86,,,,46.12,1.13,52.74,26-Oct-17,19900,415.65,12.84,92.95,17/1/2019,right,,,,,
H06B2,H06,N,H06B,F56,bHR,HR NIL + SD,NIL,SD,4830.18998,19.21962428,20.78037572,7.636564915,68.32777586,24.03565922,2.697883256,0,59.59,40.41,3.35474661,54.85367595,19 - 22 Oct 2017,7,4,0.67,6,4,1.50,1,4,3.33,20,4,0.17,6.73,9.33,83.94,8.42,2.8,88.78,,,,23.18,13.81,63.01,26-Oct-17,63540,269.1,38.83,68.25,16/1/2019,left,,,,,
H06B3,H06,N,H06B,F56,bHR,HR NIL + SD,NIL,SD,5515.55312,11.99553842,10.88071118,11.31549815,56.82264371,31.86185815,3.50057024,0,50.15,49.85,17.78290993,18.12933025,19 - 22 Oct 2017,8,4,0.50,4,4,1.50,18,4,1.00,19,4,0.17,0,21.42,78.58,,,,11.38,0,88.62,20.3,25.51,54.19,26-Oct-17,241500,353.75,7.245,39.37,17/1/2019,left,,,,,
H07A1,H07,N,H07A,F56,bHR,HR NIL,NIL,NIL,5581.89852,14.01338475,3.890741379,15.050151,48.03794018,36.91190882,1.248607846,0,41.09,58.91,10.36948749,29.55899881,,,,,,,,,,,,,,,,,,,,,,,,,,26-Oct-17,60370,959.85,82.7,110.9,17/1/2019,right,,,,,
H07A2,H07,N,H07A,F56,bHR,HR NIL,NIL,NIL,6050.0825,12.46377054,8.807145222,12.21851724,46.24293889,41.53854386,0.724636033,0,43.29,56.71,1.710421639,4.733492442,,,,,,,,,,,,,,,,,,,,,,,,,,26-Oct-17,127600,696.7,13.79,39.75,16/1/2019,left,,,,,
H07B1,H07,N,H07B,F56,bHR,HR NIL,NIL,NIL,4028.2385,10.13378061,2.497212347,15.050151,48.03794018,36.91190882,0.022296545,0,0,100,8.314263921,38.29138063,,,,,,,,,,,,,,,,,,,,,,,,,,26-Oct-17,96550,489,4.804,62.85,17/1/2019,left,,,,,
H07B2,H07,N,H07B,F56,bHR,HR NIL,NIL,NIL,7011.11136,11.45054254,18.3389131,12.21851724,46.24293889,41.53854386,0.167336017,0,45.24,54.76,8.962264151,48.11320755,,,,,,,,,,,,,,,,,,,,,,,,,,26-Oct-17,115600,697.25,24.84,59.11,17/1/2019,right,,,,,
H09-1 A1,H09-1,N,H09-1A,F49,bHR,HR NIL,NIL,NIL,11429.28326,9.820819994,5.590893652,9.775694967,64.1781047,26.04620033,15.9022446,,,,,,,,,,,,,,,,,,,,,,,,,,,,,,,10-Jan-16,,,,,,,,,,,
H09-1 A2,H09-1,N,H09-1A,F49,bHR,HR NIL,NIL,NIL,5534.58016,9.708375896,18.74790697,13.42484131,60.52895903,26.04619966,4.317269456,,,,,,,,,,,,,,,,,,,,,,,,,,,,,,,10-Jan-16,,,,,,,,,,,
H09-1 B1,H09-1,N,H09-1B,F49,bHR,HR NIL,NIL,NIL,5543.721972,10.57726151,17.87746861,16.59973277,46.18473908,37.21552815,7.365249097,,,,,,,,,,,,,,,,,,,,,,,,,,,,,,,10-Jan-16,,,,,,,,,,,
H09-1 B2,H09-1,N,H09-1B,F49,bHR,HR NIL,NIL,NIL,4667.935091,5.704445405,14.95983916,48.09236904,24.26372178,27.64390918,6.62872489,,,,,,,,,,,,,,,,,,,,,,,,,,,,,,,10-Jan-16,,,,,,,,,,,
H09-1 C1,H09-1,N,H09-1C,F49,bHR,HR NIL,NIL,NIL,7580.948523,4.278067248,17.93842053,28.05490505,31.43622475,40.5088702,4.1178439,,,,,,,,,,,,,,,,,,,,,,,,,,,,,,,10-Jan-16,,,,,,,,,,,
H09-1 C2,H09-1,N,H09-1C,F49,bHR,HR NIL,NIL,NIL,5927.434539,11.48773733,9.005691384,11.61700716,54.43588911,33.94710373,6.425702093,,,,,,,,,,,,,,,,,,,,,,,,,,,,,,,10-Jan-16,,,,,,,,,,,
H10A1,H10,N,H10A,F49,bHR,HR EC + SD,EC,SD,5190.168861,9.253069429,31.938399,16.19812575,53.0789822,30.72289205,3.548710555,,,,,,1/1 - 4/1 2016,19,4,0.60,11,4,8.50,6,4,2.15,15,4,8.25,11.42857143,2.857142857,85.71428571,5.190311419,3.806228374,91.00346021,16.03053435,2.290076336,81.67938931,12.93859649,0.219298246,86.84210526,8-Jan-16,,,,,,,,,,,
H10A2,H10,N,H10A,F49,bHR,HR EC + SD,EC,SD,7274.297892,3.021180815,39.80582503,11.11483056,67.52594569,21.35922375,4.451137128,,,,,,1/1 - 4/1 2016,18,4,12.67,10,2,15.00,5,4,0.97,14,4,1.62,1.960784314,4.481792717,93.55742297,0.23255814,1.860465116,97.90697674,8,7,85,20,15.2,64.8,8-Jan-16,,,,,,,,,,,
H10B1,H10,N,H10B,F49,bHR,HR EC + SD,EC,SD,7242.499179,7.859543741,36.91432396,11.71744194,60.76330664,27.51925142,2.946099839,,,,,,1/1 - 4/1 2016,15,4,1.65,8,4,6.17,19,4,0.60,11,4,6.97,10.23622047,1.57480315,88.18897638,10.30042918,22.31759657,67.38197425,17.39130435,4.347826087,78.26086957,10.65989848,26.39593909,62.94416244,8-Jan-16,,,,,,,,,,,
H10B2,H10,N,H10B,F49,bHR,HR EC + SD,EC,SD,7055.678902,26.21359938,49.38065077,13.39136294,57.3150302,29.29360686,4.752343319,,,,,,1/1 - 4/1 2016,14,4,2.67,7,4,3.28,18,4,7.17,10,2,15.00,1.923076923,1.442307692,96.63461538,11.40939597,2.684563758,85.90604027,3.012048193,6.024096386,90.96385542,1.346153846,8.653846154,90,8-Jan-16,,,,,,,,,,,
H11A1,H11,N,H11A,F53,bHR,HR EC + SD,EC,SD,4009.866,11.914316,13.667796,0,89.66430741,10.33569259,10.10145034,21.94,56.44,21.63,17.35849057,12.83018868,30/1 - 2/2 2017,18,4,8.67,9,4,13.50,3,4,3.22,17,4,0.50,0.168,12.005,87.827,0.176,16.593,83.231,0,24.578,75.422,0,64.653,35.347,6-Feb-17,,,,,,,,,,,
H11A2,H11,N,H11A,F53,bHR,HR EC + SD,EC,SD,6193.873,9.742206496,0.078037907,18.33390767,46.57089231,35.09520002,0.368016407,8.97,35.97,55.06,28.65497076,12.28070175,30/1 - 2/2 2017,20,4,1.50,10,4,8.17,4,4,0.43,16,1,15.00,8.51,4.27,87.22,0.522,10.115,89.363,9.49,44.901,45.609,0.351,1.133,98.515,6-Feb-17,,,,,,,,,,,
H11A3,H11,N,H11A,F53,bHR,HR EC + SD,EC,SD,4891.845,21.15129104,32.09587387,15.03901377,50.14498473,34.8160015,11.5941966,22.52,25.64,51.84,5.367793241,86.28230616,30/1 - 2/2 2017,1,4,6.50,20,4,3.50,8,4,3.68,4,4,0.75,0,2.58,97.42,1.092,39.175,59.734,3.586,13.09,83.325,0,52.897,47.103,6-Feb-17,,,,,,,,,,,
H11B1,H11,N,H11B,F53,bHR,HR EC,EC,NIL,4682.65,11.35721938,45.50714556,11.11482724,59.54307234,29.34210042,0,19.68,30.68,49.64,20.72727273,53.45454545,,,,,,,,,,,,,,,,,,,,,,,,,,6-Feb-17,,,,,,,,,,,
H11B2,H11,N,H11B,F53,bHR,HR EC,EC,NIL,3661.77,12.82600471,17.11261317,8.985508216,57.46947294,33.54501885,0,17.7,30.71,51.6,16.24365482,39.59390863,,,,,,,,,,,,,,,,,,,,,,,,,,6-Feb-17,,,,,,,,,,,
H11B3,H11,N,H11B,F53,bHR,HR EC,EC,NIL,3822.581,10.97933276,12.05129148,17.65887283,39.00774924,43.33337793,0,6.43,29.06,64.51,22.53521127,39.43661972,,,,,,,,,,,,,,,,,,,,,,,,,,6-Feb-17,,,,,,,,,,,
H12A1,H12,N,H12A,F53,bHR,HR EE + SD,EE,SD,6381.15,17.75319017,16.14270377,6.711271351,79.27537734,14.0133513,41.88403228,54.81,20.7,24.49,21.75066313,14.05835544,1/2 - 4/2 2017,20,4,0.67,1,1,15.00,8,4,1.73,3,4,3.00,12.982,65.812,21.205,0.26,2.873,96.867,0.747,13.797,85.456,0,38.299,61.701,8-Feb-17,121900,326.65,,8.463,16/1/2019,left,,,,,
H12A2,H12,N,H12A,F53,bHR,HR EE + SD,EE,SD,5909.969,21.35667184,11.77255959,3.645488082,85.6075479,10.74696402,41.04790349,47.67,30.83,21.5,14.84375,8.203125,1/2 - 4/2 2017,18,4,4.33,2,4,11.83,9,4,0.73,4,4,0.52,5.073,7.44,87.487,1.534,10.688,87.778,0,34.066,65.934,6.418,33.222,60.36,8-Feb-17,123400,1060.4,,16.73,16/1/2019,right,,,,,
H12A3,H12,N,H12A,F53,bHR,HR EE + SD,EE,SD,6274.085,21.76999866,33.31103657,6.622073131,73.91311619,19.46481068,13.29989933,18.71,49.13,32.16,1.28458498,45.256917,1/2 - 4/2 2017,17,2,15.00,3,4,1.50,4,4,4.60,12,4,4.83,0.298,8.779,90.923,0,21.929,78.071,0.826,18.268,80.907,0.633,27.959,71.408,8-Feb-17,142300,1037.1,9.988,93.75,16/1/2019,left,,,,,
H12B1,H12,N,H12B,F53,bHR,HR EE,EE,NIL,6211.461,4.191747743,20.83612879,6.064676234,69.44250277,24.492821,24.52619926,34.48,31.67,33.85,20.98360656,48.85245902,,,,,,,,,,,,,,,,,,,,,,,,,,8-Feb-17,132000,208.4,4.13,30.45,16/1/2019,right,,,,,
H12B2,H12,N,H12B,F53,bHR,HR EE,EE,NIL,5080.163,1.516165714,17.21294862,0.780379067,90.06678997,9.152830965,42.94324023,57.61,25.54,16.85,14.28571429,52.63157895,,,,,,,,,,,,,,,,,,,,,,,,,,8-Feb-17,82690,743.4,43.36,27.84,16/1/2019,left,,,,,
H12B3,H12,N,H12B,F53,bHR,HR EE,EE,NIL,4455.462,8.751392154,23.41137202,4.091412288,81.49379425,14.41479346,18.80714522,34.26,43.84,21.9,2.947845805,86.84807256,,,,,,,,,,,,,,,,,,,,,,,,,,8-Feb-17,68930,1139.35,48.2,58.17,16/1/2019,right,,,,,
KH H01A1,H01,KH,KH_H01A,F56,bHR,HR EC,EC,NIL,5154.46624,10.42364974,5.261992595,13.06578327,63.35548517,23.57873156,0.981046633,1.31,56.5,42.19,4.426052537,64.80748471,,,,,,,,,,,,,,,,,,,,,,,,,,1-Nov-17,,,,,,,,,,,
KH H01A2,H01,KH,KH_H01A,F56,bHR,HR EC,EC,NIL,6397.58548,3.901878614,26.84505196,9.464877574,63.84612555,26.68899688,16.53287491,17.84,43.33,38.83,3.836398224,82.84717819,,,,,,,,,,,,,,,,,,,,,,,,,,1-Nov-17,,,,,,,,,,,
KH H01A3,H01,KH,KH_H01A,F56,bHR,HR EC,EC,NIL,6237.8668,2.642140222,14.6042268,47.64763526,29.82163701,22.53072773,21.52730629,22.38,6.94,70.68,11.65348917,65.79580612,,,,,,,,,,,,,,,,,,,,,,,,,,1-Nov-17,,,,,,,,,,,
KH H01B1, H01,KH,KH_H01B,F56,bHR,HR EC + SD,EC,SD,6798.45628,8.985508216,22.89855751,15.30657498,51.21522958,33.47819543,4.002214069,2.12,40.43,57.45,2.404809619,72.30460922,25 - 28 Oct 2017,1,4,0.42,11,4,1.00,2A,5,0.50,9,4,0.17,0,9.72,90.28,4.05,13.65,82.3,27.71,12.35,59.94,0,70.38,29.62,1-Nov-17,,,,,,,,,,,
KH H01B2,H01,KH,KH_H01B,F56,bHR,HR EC + SD,EC,SD,13213.4618,12.83166721,20.6911775,8.015598819,67.02341495,24.96098623,0.80267695,0,61.33,38.67,0.772376193,79.96365289,25 - 28 Oct 2017,4,4,0.42,19,5,0.50,18,5,0.50,8,5,0.17,0,20,80,0,44.42,55.58,69.76,9.8,20.44,0,35.49,64.51,1-Nov-17,,,,,,,,,,,
KH H01B3,H01,KH,KH_H01B,F56,bHR,HR EC + SD,EC,SD,8758.37402,9.141596738,23.82385108,3.968768917,78.4058034,17.62542768,14.37011074,15.44,55.33,29.22,24.81974487,60.01109262,25 - 28 Oct 2017,6,4,0.17,20,4,0.50,14,5,1.00,7,5,0.17,0,14.99,85.01,17.25,13.88,68.86,,,,0,68.31,31.69,1-Nov-17,,,,,,,,,,,
KH H05A1,H05,KH,KH_H05A,F56,bHR,HR NIL,NIL,NIL,4874.255754,11.11482724,6.07581347,4.046829901,70.1672592,25.7859109,0.066889634,1.73,59.94,38.33,67.70491803,18.45901639,,,,,,,,,,,,,,,,,,,,,,,,,,4-Nov-17,241100,566.9,31.61,44.43,17/1/2019,left,,,,,
KH H05A2,H05,KH,KH_H05A,F56,bHR,HR NIL,NIL,NIL,6602.349872,2.052427802,15.27312983,16.62207313,33.82375074,49.55417613,0,0,32.48,67.52,73.1632936,9.537011367,,,,,,,,,,,,,,,,,,,,,,,,,,4-Nov-17,15710,1130,51.88,47.31, 17/1/2019,right,,,,,
KH H05B1,H05,KH,KH_H05B,F56,bHR,HR NIL + SD,NIL,SD,4670.450128,22.05129148,7.647702151,7.803790673,52.36340164,39.83280769,0,0,32.4,67.6,46.88463911,25.35471931,28 - 31 Oct 2017,1,4,1.50,7,5,0.08,14,4,3.00,6,4,2.67,56.62,25,18.38,0,13.79,86.21,65.05,1.84,33.1,37.24,0.59,62.17,4-Nov-17,140400,1053,23.68,24.79, 17/1/2019,right,,,,,
KH H05B2,H05,KH,KH_H05B,F56,bHR,HR NIL + SD,NIL,SD,5377.596931,9.821637006,12.90969475,13.93532377,32.6309963,53.43367994,0,0,27.52,72.48,36.51551313,21.42004773,28 - 31 Oct 2017,4,4,0.50,8,5,0.08,18,5,0.08,4,4,0.83,42.33,40.01,17.66,9.18,0,90.82,0,82.2,17.8,6.38,29.62,64,4-Nov-17,241000,359.6,5.822,12.44,16/1/2019,right,,,,,
KH H05B3,H05,KH,KH_H05B,F56,bHR,HR NIL + SD,NIL,SD,4826.483887,12.08473664,33.61204293,21.89520296,26.66665552,51.43814152,0,0,21.04,78.96,19.82378855,31.27753304,28 - 31 Oct 2017,6,4,0.33,9,5,0.08,2A,4,0.50,1,4,0.33,21.53,64.34,14.13,11.02,0,88.98,9.51,0,90.49,40.14,10.91,48.95,4-Nov-17,139300,665.35,5.482,36.12,17/1/2019,left,,,,,
KH L07 A1,L07,KH,KH_L07A,F56,bLR,LR EE,EE,NIL,1368.10278,3.511707475,1.66109359,0,100,0,0,0,62.18,37.82,38.03708064,55.04708652,,,,,,,,,,,,,,,,,,,,,,,,,,2-Nov-17,41370,314.2,16.01,66.2,16/1/2019,right,28.2.2019,42.7,1.98,Nacc,126010
KH L07 A2,L07,KH,KH_L07A,F56,bLR,LR EE,EE,NIL,3028.63836,11.19285478,2.519510229,40.62415342,33.28872865,26.08711793,0,0,20.65,79.35,2.956989247,77.95698925,,,,,,,,,,,,,,,,,,,,,,,,,,2-Nov-17,115900,1383,36.8,77.75,17/1/2019,left,26.2.2019,51.5,2.08,Nacc,126011
KH L07 B1,L07,KH,KH_L07B,F56,bLR,LR EE,EE,NIL,1417.75106,1.973243879,0,0,99.57624993,0.423750071,0.746933916,0,71.33,28.67,15.30054645,10.92896175,,,,,,,,,,,,,,,,,,,,,,,,,,2-Nov-17,62960,719.5,32.69,17.41,16/1/2019,right,26.2.2019,56.6,2.08,Nacc,126012
KH L07 B2,L07,KH,KH_L07B,F56,bLR,LR EE,EE,NIL,2306.80274,3.266444145,0.836122102,0,98.9632003,1.0367997,12.18507209,11.83,77.81,10.36,10.3626943,8.808290155,,,,,,,,,,,,,,,,,,,,,,,,,,2-Nov-17,228300,918.1,30.24,16.12,16/1/2019,left,26.2.2019,78.1,2.06,Nacc,126013
KH L07 C1,L07,KH,KH_L07C,F56,bLR,LR EE + SD,EE,SD,1559.89812,6.833881276,3.534015391,95.44042248,0,4.559577521,0,0,0,100,21.51324455,67.17400849,26 - 29th Oct 2017,11,4,0.50,9,5,0.08,8,5,0.08,2A,4,3.00,,,,0,76.04,23.96,40.93,36.91,22.17,29.87,0,70.13,2-Nov-17,38370,1512,19.65,34.01,16/1/2019,left,26.2.2019,44.7,2.12,Nacc,126017
KH L07 C2,L07,KH,KH_L07C,F56,bLR,LR EE + SD,EE,SD,2065.12592,5.395773202,3.667795998,0,91.79490095,8.205099048,10.41247905,11.76,71.31,16.93,29.83448565,63.44018437,26 - 29th Oct 2017,19,5,0.17,11,4,0.67,9,5,0.08,1,4,1.00,,,,75.5,9.51,14.99,19.79,50.29,29.92,83.48,2.93,13.59,2-Nov-17,170900,2023,89.69,19.89,16/1/2019,left,28.2.2019,62.7,2.08,Nacc,126018
KH L07 D1,L07,KH,KH_L07D,F56,bLR,LR EE + SD,EE,SD,643.007024,2.151616906,0,0,100,0,4.180610508,7.38,79.37,13.25,3.311148087,93.22795341,26 - 29th Oct 2017,20,5,0.17,19,4,0.17,11,4,0.17,7,5,0.08,,,,67.37,0,32.63,76.84,0,23.16,51.14,11.9,36.96,2-Nov-17,40560,635.1,42.96,30.01,17/1/2019,right,28.2.2019,27.7,1.95,Nacc,126019
KH L07 D2 ,L07,KH,KH_L07D,F56,bLR,LR EE + SD,EE,SD,483.473738,4.292083198,0.590858771,0,80.02220758,19.97779242,0,0,69.17,30.83,33.53022933,63.39471855,26 - 29th Oct 2017,14,4,0.50,20,4,0.17,19,5,0.17,8,5,0.08,,,,54.89,0,45.11,63.56,0,36.44,89.9,0,10.1,2-Nov-17,43240,676.1,57.1,,16/1/2019,right,26.2.2019,46.5,2.08,Nacc,126020
KH L07 D3,L07,KH,KH_L07D,F56,bLR,LR EE + SD,EE,SD,1954.1577,8.550721245,2.040134182,1.215162694,92.97651816,5.808319147,4.225192895,4.37,70.91,24.72,1.689363903,94.82847785,26 - 29th Oct 2017,18,4,1.00,14,4,0.17,20,5,0.17,9,4,0.08,,,,37.88,0,62.12,80.4,0,19.6,70.75,0,29.25,2-Nov-17,32140,414.3,53.42,42.95,17/1/2019,left,26.2.2019,55.4,2.09,Nacc,126021
KH L12A1,L12,KH,KH_L12A,F56,bLR,LR EC,EC,NIL,2167.11594,7.302113399,0,2.731325063,77.12385074,20.1448242,13.09922842,13.42,47.33,39.25,9.452237809,77.12090848,,,,,,,,,,,,,,,,,,,,,,,,,,1-Nov-17,,,,,,,,,,,
KH L12A2,L12,KH,KH_L12A,F56,bLR,LR EC,EC,NIL,2863.84758,8.595303632,6.967661883,17.32442132,67.09030525,15.58527343,0,0.51,51.67,47.83,30.87947883,63.35504886,,,,,,,,,,,,,,,,,,,,,,,,,,1-Nov-17,,,,,,,,,,,
KH L12B1,L12,KH,KH_L12B,F56,bLR,LR EC + SD,EC,SD,2070.3496,6.70010067,14.79376047,0,92.68584477,7.314155232,2.028986913,2.8,58.42,38.79,7.428391564,76.48725212,25 - 28 Oct 2017,7,4,0.25,14,4,0.42,20,4,0.08,6,4,4.00,0,33.2,66.8,68.4,11.08,20.52,42.58,6.44,50.98,57.3,0,42.7,1-Nov-17,,,,,,,,,,,
KH L12B2,L12,KH,KH_L12B,F56,bLR,LR EC + SD,EC,SD,2344.9426,8.617611548,3.768131453,0,30.00334489,69.99665511,0.033444817,0,20.33,79.67,4.283801874,82.82016957,25 - 28 Oct 2017,8,5,0.08,18,4,0.17,19,4,0.08,4,4,1.00,0,79.89,20.11,50.6,5.13,44.26,22.96,13.99,63.05,59.42,4.75,35.82,1-Nov-17,,,,,,,,,,,
KH L12B3,L12,KH,KH_L12B,F56,bLR,LR EC + SD,EC,SD,1367.68302,2.552955381,6.276484379,0,98.38319261,1.616807394,0,0,83.71,16.29,10.82214765,79.3204698,25 - 28 Oct 2017,9,5,0.08,2A,4,0.67,11,4,1.00,1,4,1.30,0,30.55,69.45,24.79,5.62,69.59,80.12,0,19.88,71.29,0,28.71,1-Nov-17,,,,,,,,,,,
L02-2 A1,L02-2,N,L02-2A,F49,bLR,LR EC,EC,NIL,2875.556019,2.081936142,12.21552865,6.093069917,59.8593909,34.04753918,1.104417573,,,,,,,,,,,,,,,,,,,,,,,,,,,,,,,9-Jan-16,,,,,,,,,,,
L02-2 A2,L02-2,N,L02-2A,F49,bLR,LR EC,EC,NIL,2766.179559,2.150538104,0,70.6729161,20.18747902,9.139604876,1.941097796,,,,,,,,,,,,,,,,,,,,,,,,,,,,,,,9-Jan-16,,,,,,,,,,,
L02-2 B1,L02-2,N,L02-2B,F49,bLR,LR EC,EC,NIL,2265.507433,2.750759053,16.03079024,80.9842647,3.983930408,15.03180489,1.740295118,,,,,,,,,,,,,,,,,,,,,,,,,,,,,,,9-Jan-16,,,,,,,,,,,
L02-2 B2,L02-2,N,L02-2B,F49,bLR,LR EC,EC,NIL,2812.752924,9.21003714,10.14395707,79.34382309,14.99832618,5.657850733,1.473050087,,,,,,,,,,,,,,,,,,,,,,,,,,,,,,,9-Jan-16,,,,,,,,,,,
L02-2 C1,L02-2,N,L02-2C,F49,bLR,LR EC,EC,NIL,2654.688088,2.711377463,7.130900485,69.80247773,22.89923025,7.298292016,0.736278048,,,,,,,,,,,,,,,,,,,,,,,,,,,,,,,9-Jan-16,,,,,,,,,,,
L02-2 C2,L02-2,N,L02-2C,F49,bLR,LR EC,EC,NIL,3128.829133,9.309535066,8.065595704,36.62537625,35.55406764,27.82055611,0.903614561,,,,,,,,,,,,,,,,,,,,,,,,,,,,,,,9-Jan-16,,,,,,,,,,,
L07A1,L07,N,L07A,F53,bLR,LR EC + SD,EC,SD,1548.386,4.444444444,4.403555889,87.87078131,0,12.12921869,0,0,0,100,25.94594595,1.081081081,30/1 - 2/2 2017,2,4,6.18,18,2,15.00,9,4,15.00,3,4,2.45,4.087,1.98,93.933,13.754,1.813,84.433,1.346,3.844,94.81,4.818,5.706,89.476,6-Feb-17,,,,,,,,,,,
L07A2,L07,N,L07A,F53,bLR,LR EC + SD,EC,SD,2042.712,2.140881024,12.26309963,7.929085939,82.3019301,9.768983964,3.947814799,13.07,57.41,29.53,30.18018018,22.52252252,30/1 - 2/2 2017,3,4,3.10,17,1,15.00,10,2,15.00,2,2,15.00,3.259,1.657,95.083,22.052,0.627,77.321,12.595,0.053,87.352,16.383,1.175,82.443,6-Feb-17,,,,,,,,,,,
L07A3,L07,N,L07A,F53,bLR,LR EC + SD,EC,SD,1800.148,2.714780065,10.72462266,4.247500811,71.11476035,24.63773884,0.022296545,3.72,64.96,31.32,23.86363636,27.27272727,30/1 - 2/2 2017,4,4,2.37,16,2,15.00,13,4,2.30,1,1,15.00,7.24,5.287,87.473,6.52,0,93.48,8.673,0,91.327,19.379,1.018,79.603,6-Feb-17,,,,,,,,,,,
L07B1,L07,N,L07B,F53,bLR,LR EC,EC,NIL,1614.011,3.756960772,8.115934274,1.549610866,91.839383,6.61100613,1.137125122,7.32,77.48,15.2,32.0754717,32.70440252,,,,,,,,,,,,,,,,,,,,,,,,,,6-Feb-17,,,,,,,,,,,
L07B2,L07,N,L07B,F53,bLR,LR EC,EC,NIL,1883.721,3.054625966,10.70234818,8.004461583,81.18175099,10.81378743,0,6.01,62.71,31.28,17.92114695,60.93189964,,,,,,,,,,,,,,,,,,,,,,,,,,6-Feb-17,,,,,,,,,,,
L07B3,L07,N,L07B,F53,bLR,LR EC,EC,NIL,1765.75,3.210701111,5.507245892,1.861761155,96.86719265,1.271046198,0.635451192,10.41,80.03,9.56,31.57894737,21.05263158,,,,,,,,,,,,,,,,,,,,,,,,,,6-Feb-17,,,,,,,,,,,
L08 A1,L08,N,L08A,F56,bLR,LR NIL + SD,NIL,SD,2480.2569,17.97101643,3.478262324,1.861761155,88.04904397,10.08919487,0,0.24,62.93,36.83,10.44776119,54.17910448,21 - 24 Oct 2017,1,4,0.45,9,4,0.50,11,4,0.17,7,4,0.08,5.69,0,94.31,57.87,0,42.13,74.16,0,25.84,79.33,0,20.67,28-Oct-17,67500,3309,61.41,52.07,16/1/2019,right,26.2.2019,91.2,2.05,Nacc,125999
L08 A2,L08,N,L08A,F56,bLR,LR NIL + SD,NIL,SD,1814.15608,12.43032539,1.014491784,40.83619568,0,59.16380432,0,0,0,100,19.34156379,54.79129924,21 - 24 Oct 2017,4,4,0.50,11,4,0.50,19,4,0.17,8,4,0.08,6.85,6.13,87.02,14.58,0,85.42,72.09,0,27.91,50.91,0,49.09,28-Oct-17,149800,1392,23.79,72.23,17/1/2019,left,28.2.2019,40.6,1.94,Nacc,126000
L08 B1,L08,N,L08B,F56,bLR,LR NIL + SD,NIL,SD,1825.47794,9.208487042,3.099218387,0,98.98560855,1.014391449,0,0,85.84,14.16,47.97453704,40.27777778,21 - 24 Oct 2017,6,4,1.50,2A,2,15.00,20,4,0.17,9,4,0.17,4.44,3.57,92,10.87,1.63,87.5,31,20.91,48.09,48.28,0,51.72,28-Oct-17,285700,1062,79.81,48.03,16/1/2019,right,26.2.2019,98.9,2.06,Nacc,126001
L08 B2,L08,N,L08B,F56,bLR,LR NIL + SD,NIL,SD,2517.1025,9.085843671,6.421402221,59.17517567,0.434783627,40.3900407,0,0,0,100,32.95398318,53.19148936,21 - 24 Oct 2017,7,4,1.00,1,4,1.00,14,4,1.00,11,4,0.08,31.79,0,68.21,,,,67.27,0,32.73,75.64,0,24.36,28-Oct-17,493300,1473,26.37,46.62,16/1/2019,left,26.2.2019,68.8,2.06,Nacc,126002
L08 C1,L08,N,L08C,F56,bLR,LR NIL + SD,NIL,SD,1079.560922,14.62653471,5.5369501,95.20630642,0,4.793693582,0,0,0,100,12.12522046,67.81305115,21 - 24 Oct 2017,8,4,0.17,4,4,0.50,18,2,15.00,19,4,0.50,57.93,11.43,30.64,40.1,0,59.9,52.42,0,47.58,67.09,0,32.91,28-Oct-17,1064000,825.1,44.22,52.07, 17/1/2019,right,26.2.2019,81,2.09,Nacc,126003
L08 C2,L08,N,L08C,F56,bLR,LR NIL + SD,NIL,SD,1283.8243,5.964340779,7.123750406,98.51737643,0,1.482623571,0,0,0,100,32.9566855,53.95480226,21 - 24 Oct 2017,9,4,0.17,6,4,7.00,2A,4,0.17,20,5,0.08,17.6,0,82.4,64.52,0,35.48,13.85,13.6,72.55,,,,28-Oct-17,283100,1674,37.07,17.41,17/1/2019,left,26.2.2019,97.8,2.06,Nacc,126004
L08 D1,L08,N,L08D,F56,bLR,LR NIL + SD,NIL,SD,1647.60464,9.576350264,0,79.39812105,2.931995973,17.66988298,0,0,2.2,97.8,31.62911612,40.12131716,21 - 24 Oct 2017,11,5,0.17,7,4,0.83,1,4,2.00,14,5,0.08,0,40.52,59.48,26.17,0,73.83,60.97,0,39.03,10.99,37.18,51.83,28-Oct-17,651200,851.5,29.54,18.66,17/1/2019,right,26.2.2019,97.8,2.05,Nacc,126005
L08 D2,L08,N,L08D,F56,bLR,LR NIL + SD,NIL,SD,2458.5693,17.70345522,8.260885561,76.15394134,0,23.84605866,0,0,0,100,44.45187166,40.10695187,21 - 24 Oct 2017,19,5,0.17,8,4,0.17,4,4,0.17,18,4,1.00,0,36.93,63.07,61.85,0,38.15,59.56,0,40.44,26.86,0,73.14,28-Oct-17,567900,1687,15.02,5.58,16/1/2019,left,26.2.2019,54.2,2.13,Nacc,126006
L08-1 A1,L08-1,N,L08-1A,F49,bLR,LR EE,EE,NIL,758.394281,0.836959321,1.138265353,9.404283459,61.0107099,29.58500664,0,,,,,,,,,,,,,,,,,,,,,,,,,,,,,,,8-Jan-16,,,,,21/2/2019,right,26.2.2019,36.1,2.06,Nacc,126028
L08-1 A2,L08-1,N,L08-1A,F49,bLR,LR EE,EE,NIL,944.897016,2.074965145,4.050887154,96.65215935,0,3.347840651,0.435073529,,,,,,,,,,,,,,,,,,,,,,,,,,,,,,,8-Jan-16,,,,,21/2/2019,left,28.2.2019,24,1.95,Nacc,126029
L08-1 B1,L08-1,N,L08-1B,F49,bLR,LR EE,EE,NIL,454.783841,0,5.289588295,100,0,0,0,,,,,,,,,,,,,,,,,,,,,,,,,,,,,,,8-Jan-16,,,,,21/2/2019,right,28.2.2019,89.2,2.01,Nacc,126030
L08-1 B2,L08-1,N,L08-1B,F49,bLR,LR EE,EE,NIL,1595.333294,3.682621012,4.218279354,98.49397607,0,1.506023933,1.037830568,,,,,,,,,,,,,,,,,,,,,,,,,,,,,,,8-Jan-16,,,,,21/2/2019,left,28.2.2019,111.8,2.04,Nacc,126031
L08-1 C1,L08-1,N,L08-1C,F49,bLR,LR EE,EE,NIL,1165.937366,0.870146674,3.180448785,8.400267727,57.26238298,34.33734929,0.702811213,,,,,,,,,,,,,,,,,,,,,,,,,,,,,,,8-Jan-16,,,,,21/2/2019,right,26.2.2019,68.3,2.09,Nacc,126032
L08-1 C2,L08-1,N,L08-1C,F49,bLR,LR EE,EE,NIL,1785.297584,8.835335457,6.05756357,3.916973662,82.42383675,13.65918959,1.673359777,,,,,,,,,,,,,,,,,,,,,,,,,,,,,,,8-Jan-16,,,,, 21/2/2019,left,26.2.2019,67.5,2.1,Nacc,126033
L08-2 A1,L08-2,N,L08-2A,F49,bLR,LR EE + SD,EE,SD,2811.524663,16.17614892,0.334672022,5.189152841,62.43722797,32.37361919,0,,,,,,3/1 - 6/1 2016,19,4,0.33,8,4,1.67,15,2,15.00,6,4,0.17,10.63829787,6.382978723,82.9787234,38.68613139,0,61.31386861,,,,63.88888889,0,36.11111111,10-Jan-16,,,,, 21/2/2019,right,28.2.2019,93.4,2.02,Nacc,126034
L08-2 A2,L08-2,N,L08-2A,F49,bLR,LR EE + SD,EE,SD,2569.642406,9.777021174,11.91831252,8.168731388,24.27184455,67.55942406,2.075661471,,,,,,3/1 - 6/1 2016,18,4,1.00,7,2,15.00,14,2,15.00,5,2,15.00,17.94871795,0,82.05128205,23.00578035,0.578034682,76.41618497,,,,26.66666667,1.568627451,71.76470588,10-Jan-16,,,,,21/2/2019,left,26.2.2019,19.7,2.18,Nacc,126035
L08-2 B1,L08-2,N,L08-2B,F49,bLR,LR EE + SD,EE,SD,2514.052948,19.82163701,2.544359028,0.535654638,94.81084716,4.653498203,8.868808758,,,,,,3/1 - 6/1 2016,15,4,1.08,6,4,2.33,19,2,15.00,19,2,15.00,33,3,64,25.36585366,0,74.63414634,,,,20.32,0,79.68,10-Jan-16,,,,, 21/2/2019,right,28.2.2019,79.1,2.04,Nacc,126036
L08-2 B2,L08-2,N,L08-2B,F49,bLR,LR EE + SD,EE,SD,2982.762305,4.120881948,11.71744161,0.468540698,95.85006672,3.68139258,2.911646026,,,,,,3/1 - 6/1 2016,14,4,0.33,5,2,15.00,18,2,15.00,18,4,2.17,46.15384615,5.128205128,48.71794872,3.759398496,0.37593985,95.86466165,,,,14.60674157,0,85.39325843,10-Jan-16,,,,, 21/2/2019,left,28.2.2019,48.6,1.99,Nacc,126037
L08-2 C1,L08-2,N,L08-2C,F49,bLR,LR EE + SD,EE,SD,2740.650985,2.952912287,5.825242598,0,91.42952814,8.570471865,1.20481908,,,,,,3/1 - 6/1 2016,11,4,4.75,15,2,15.00,6,4,1.30,8,2,15.00,4.587155963,1.834862385,93.57798165,14.56953642,0.441501104,84.98896247,,,,53.29949239,0,46.70050761,10-Jan-16,,,,, 21/2/2019,right,26.2.2019,48.6,2.06,Nacc,126038
L08-2 C2,L08-2,N,L08-2C,F49,bLR,LR EE + SD,EE,SD,3538.95848,11.56909087,5.791764225,0,96.7525948,3.247405197,1.43908993,,,,,,3/1 - 6/1 2016,8,4,3.50,14,4,2.50,5,2,15.00,7,2,15.00,4.255319149,0.85106383,94.89361702,23.4939759,0,76.5060241,,,,12.98701299,0.519480519,86.49350649,10-Jan-16,,,,, 21/2/2019,left,26.2.2019,72.1,2.08,Nacc,126039
L09 A1,L09,N,L09A,F56,bLR,LR NIL,NIL,NIL,965.311578,4.080275053,16.63321037,0.334675382,0.334675382,99.33064924,0,0,0,100,60.31402274,11.26150514,,,,,,,,,,,,,,,,,,,,,,,,,,24-Oct-17,187700,1355,43.59,48.94,16/1/2019,left,28.2.2019,61.3,2.08,Nacc,125994
L09 A2,L09,N,L09A,F56,bLR,LR NIL,NIL,NIL,1571.77966,5.897450476,0,0.668903032,0,99.33109697,0,0,0,100,79.67883212,4.496350365,,,,,,,,,,,,,,,,,,,,,,,,,,24-Oct-17,265900,2740,30.12,35.69,16/1/2019,right,28.2.2019,50.3,2.04,Nacc,125995
L09 B1,L09,N,L09B,F56,bLR,LR NIL,NIL,NIL,1412.09596,5.496108657,0.512821199,79.21952394,7.257531012,13.52294505,0,0,7.1,92.9,34.99701136,13.38912134,,,,,,,,,,,,,,,,,,,,,,,,,,24-Oct-17,128100,2776,20.15,35.18,16/1/2019,left,26.2.2019,92.2,2.12,Nacc,125996
L09 B2,L09,N,L09B,F56,bLR,LR NIL,NIL,NIL,1613.70902,1.15941966,0.457078165,0,89.89956421,10.10043579,0.23411372,0.42,68.56,31.02,62.87115227,11.54998638,,,,,,,,,,,,,,,,,,,,,,,,,,24-Oct-17,106700,2079,24.5,7.8,16/1/2019,right,26.2.2019,156.4,2.06,Nacc,125997
L09 B3,L09,N,L09B,F56,bLR,LR NIL,NIL,NIL,1382.59616,5.15048646,0,0,100,0,0.23411372,0,79.23,20.77,18.11242193,17.97362942,,,,,,,,,,,,,,,,,,,,,,,,,,24-Oct-17,230100,1368,32.6,,16/1/2019,left,28.2.2019,58,2.05,Nacc,125998
L09-1 A1,L09-1,N,L09-1A,F49,bLR,LR NIL,NIL,NIL,2918.278648,8.45038579,3.280883905,33.84666894,27.68664195,38.46668911,1.004016067,,,,,,,,,,,,,,,,,,,,,,,,,,,,,,,9-Jan-16,,,,,21/2/2019,right,26.2.2019,81.8,2.07,Nacc,126022
L09-1 A2,L09-1,N,L09-1A,F49,bLR,LR NIL,NIL,NIL,3062.254742,2.86510567,0,84.83428195,10.8135252,4.352192846,0.602611384,,,,,,,,,,,,,,,,,,,,,,,,,,,,,,,9-Jan-16,,,,,21/2/2019,left,26.2.2019,54.8,2.05,Nacc,126023
L09-2 C1,L09-2,N,L09-2B,F49,bLR,LR EC + SD,EC,SD,3930.016863,5.501511404,11.21526635,66.11985268,8.168731054,25.71141626,0.903917076,,,,,,4/1 - 7/1 2016,11,4,2.23,5,4,1.17,11,2,15.00,19,4,1.25,,,,,,,,,,,,,11-Jan-16,,,,,,,,,,,
L09-2A1,L09-2,N,L09-2A,F49,bLR,LR EC + SD,EC,SD,3289.888451,1.727983893,1.104787314,58.38634081,26.44794114,15.16571805,0,,,,,,4/1 - 7/1 2016,19,4,0.42,10,2,15.00,15,2,15.00,18,2,15.00,8.43373494,7.228915663,84.3373494,,,,79.12772586,0,20.87227414,49.22779923,0,50.77220077,11-Jan-16,,,,,,,,,,,
L09-2A2,L09-2,N,L09-2A,F49,bLR,LR EC + SD,EC,SD,2399.824807,3.444817172,4.452628299,77.91164653,7.396251994,14.69210148,3.582189262,,,,,,4/1 - 7/1 2016,18,2,15.00,8,4,5.92,14,2,15.00,6,2,15.00,39.65517241,0,60.34482759,,,,81.03792415,0,18.96207585,90.31339031,0,9.686609687,11-Jan-16,,,,,,,,,,,
L09-2B1,L09-2,N,L09-2B,F49,bLR,LR EC + SD,EC,SD,2570.422945,3.734686301,3.448276104,1.540006833,68.93203903,29.52795414,8.737864065,,,,,,4/1 - 7/1 2016,15,4,1.18,7,4,6.83,8,2,15.00,7,2,15.00,28.97196262,0,71.02803738,,,,90,0,10,82.84518828,0,17.15481172,11-Jan-16,,,,,,,,,,,
L09-2B2,L09-2,N,L09-2B,F49,bLR,LR EC + SD,EC,SD,2928.948619,4.465487874,3.649146343,98.96216943,0,1.037830568,0,,,,,,4/1 - 7/1 2016,14,4,0.33,6,4,1.00,7,2,15.00,8,4,2.50,8.43373494,7.228915663,84.3373494,,,,62.72285251,0,37.27714749,68.37209302,1.395348837,30.23255814,11-Jan-16,,,,,,,,,,,
L10 A1,L10,N,L10A,F53,bLR,LR NIL,NIL,NIL,1491.112,9.074706435,3.400234785,0,87.10684458,12.89315542,0,4.12,72.88,23.01,46.52406417,6.417112299,,,,,,,,,,,,,,,,,,,,,,,,,,6-Feb-17,27080,686.3,38.66,25.69,16/1/2019,right,26.2.2019,47,2.15,Nacc,125991
L10 A2,L10,N,L10A,F53,bLR,LR NIL,NIL,NIL,2120.013,5.473684211,6.945387412,56.29889263,17.33555855,26.36554882,0,0,16.27,83.73,51.3368984,6.417112299,,,,,,,,,,,,,,,,,,,,,,,,,,6-Feb-17,17840,436.4,34.06,69.76,16/1/2019,left,26.2.2019,67.4,2.04,Nacc,125992
L10 A3,L10,N,L10A,F53,bLR,LR NIL,NIL,NIL,1704.472,1.178099547,13.12150289,25.65216373,43.48939956,30.85843671,0,2.3,34.74,62.96,28.31858407,17.69911504,,,,,,,,,,,,,,,,,,,,,,,,,,6-Feb-17,17750,518.2,12.54,42.47,16/1/2019,right,28.2.2019,114.9,2.05,Nacc,125993
L11 A1,L11,N,L11A,F53,bLR,LR EE + SD,EE,SD,2482.141,14.74473928,17.7146259,7.134887641,73.07698739,19.78812496,0.23411372,4.43,60.14,35.44,14.88095238,29.76190476,2/2 - 5/2 2017,1,1,15.00,10,4,3.17,4,4,1.03,12,4,8.55,15.992,0,84.008,10.813,4.049,85.138,24.656,0,75.344,13.855,0.139,86.005,9-Feb-17,423500,676.2,12.43,0.99,16/1/2019,right,28.2.2019,76.6,2.06,Nacc,126014
L11 A2,L11,N,L11A,F53,bLR,LR EE + SD,EE,SD,2118.006,7.833434385,0.702340826,9.063535755,72.26326686,18.67319739,8.773700071,13.76,54.73,31.51,3.537735849,81.60377358,2/2 - 5/2 2017,2,2,15.00,12,2,15.00,13,4,0.57,4,4,0.75,0.673,2.188,97.139,3.16,1.494,95.346,14.803,0,85.197,17.014,0,82.986,9-Feb-17,436500,733.9,18.3,87.93,16/1/2019,left,28.2.2019,69.5,2.08,Nacc,126015
L11 A3,L11,N,L11A,F53,bLR,LR EE + SD,EE,SD,2393.107,4.876298002,7.346699131,2.374582354,83.96873547,13.65668217,9.052398519,12.29,58,29.71,14.70588235,9.558823529,2/2 - 5/2 2017,3,4,3.00,13,4,0.38,12,4,2.17,18,4,3.50,0,4.359,95.641,0,26.549,73.451,50.743,0,49.257,7.326,0.852,91.821,9-Feb-17,278700,1287,20.48,19.88,16/1/2019,right,26.2.2019,55.7,2.08,Nacc,126016
L11 B1,L11,N,L11B,F53,bLR,LR EE,EE,NIL,1212.2779,2.742475677,3.667795998,3.656625317,89.6099292,6.733445486,3.299889297,14.85,66.63,18.53,27.67826969,65.22473809,,,,,,,,,,,,,,,,,,,,,,,,,,9-Feb-17,552700,1351,35.18,63.23,16/1/2019,left,26.2.2019,63.3,2.1,Nacc,126007
L11 B2,L11,N,L11B,F53,bLR,LR EE,EE,NIL,2520.597,7.157195557,6.198436774,0.836122102,87.5473667,11.6165112,11.33780606,19.15,59.88,20.97,16.22775801,72.24199288,,,,,,,,,,,,,,,,,,,,,,,,,,9-Feb-17,131300,1421,23.59,72.87,16/1/2019,right,26.2.2019,50.7,2.02,Nacc,126008
L11 B3,L11,N,L11B,F53,bLR,LR EE,EE,NIL,2190.852,12.58641391,6.833887965,3.333334448,84.40352244,12.26314311,3.678933233,10.9,66.36,22.74,16.27064035,73.39911398,,,,,,,,,,,,,,,,,,,,,,,,,,9-Feb-17,152800,1015,48.74,61.85,16/1/2019,left,26.2.2019,47.8,2.04,Nacc,126009
L12 A1,L12,N,L12A,F49,bLR,LR NIL + SD,NIL,SD,2645.480022,19.16753298,0,98.59390733,0.167391865,1.238700807,1.305220586,,,,,,2/1-5/1 2016,19,4,0.67,11,4,6.12,6,4,0.17,15,2,15.00,16.47058824,0,83.52941176,20.3187251,1.195219124,78.48605578,92.10526316,0,7.894736842,,,,9-Jan-16,,,,,21/2/2019,right,28.2.2019,90.2,2.04,Nacc,126024
L12 A2,L12,N,L12A,F49,bLR,LR NIL + SD,NIL,SD,1987.281573,3.790675541,2.777777351,97.15433561,0,2.845664386,0.234348611,,,,,,2/1-5/1 2016,18,4,4.73,10,2,15.00,5,4,2.72,14,4,8.83,6.43776824,2.575107296,90.98712446,21.31147541,0,78.68852459,26.02040816,0,73.97959184,,,,9-Jan-16,,,,,21/2/2019,left,28.2.2019,35.9,2.03,Nacc,126025
L12 B1,L12,N,L12B,F49,bLR,LR NIL + SD,NIL,SD,624.7595765,1.874162067,0,0,77.33511903,22.66488097,0.702811213,,,,,,2/1-5/1 2016,15,4,3.00,8,4,2.92,19,2,15.00,11,2,15.00,17.45283019,0,82.54716981,23.02631579,0,76.97368421,8.120649652,0,91.87935035,,,,9-Jan-16,,,,,21/2/2019,right,28.2.2019,36.5,2,Nacc,126026
L12 B2,L12,N,L12B,F49,bLR,LR NIL + SD,NIL,SD,1835.511592,10.27189988,3.548711223,0,96.61981294,3.380187058,0.80321272,,,,,,2/1-5/1 2016,14,4,2.25,7,2,15.00,18,2,15.00,19,4,3.10,27.47252747,0,72.52747253,41.60583942,0,58.39416058,33.90410959,0,66.09589041,,,,9-Jan-16,,,,, 21/2/2019,left,26.2.2019,61.4,2.07,Nacc,126027